,region,p-value
0,North,0.1581532639076998
1,Northeast,6.672641816186264e-19
2,Midwest,7.200811848900546e-15
3,South,6.556421666074836e-69
4,South East,2.434750386376701e-77
